{"entries":{"replit.nix":{"env":{"AR":"ar","AS":"as","CC":"gcc","CONFIG_SHELL":"/nix/store/bm7jr70d9ghn5cczb3q0w90apsm05p54-bash-5.1-p8/bin/bash","CXX":"g++","DETERMINISTIC_BUILD":"1","HOST_PATH":"/nix/store/63g9gyn4dzgrrxsmsx0dnzhkvr7974ap-wget-1.21.2/bin:/nix/store/cjyzb32iwgzcmsy3gkyqy3qqh1j3wxgc-python3.9-conda-4.3.16/bin:/nix/store/cgxc3jz7idrb1wnb2lard9rvcx6aw2si-python3-3.9.6/bin:/nix/store/31viy1z3rdnn9d9lqqfmri5c05ic6v7d-python3.9-chardet-4.0.0/bin:/nix/store/sfgf0yf2r7d2sfmf2ckjlrirr0sqdr6f-python3.9-charset-normalizer-2.0.5/bin:/nix/store/2vm88xw7513h9pyjyafw32cps51b0ia1-python3-3.8.12/bin:/nix/store/jd1y449cf66yx5d1hwyjvc4562b1p1am-coreutils-9.0/bin:/nix/store/jjvw20r6pz3ff7pn91yhvfx8s7izsqan-findutils-4.8.0/bin:/nix/store/ndd6gh8zigjy0j68arj7nyrbcw4kcw01-diffutils-3.8/bin:/nix/store/bpg0ia8nkavzw7s66avi1f9nz72i1p3r-gnused-4.8/bin:/nix/store/df3ff57sbkgbdhc4ar19zs4y0hrhggii-gnugrep-3.7/bin:/nix/store/4fv981732jqzirah3h2y6ynmlsfbxb37-gawk-5.1.1/bin:/nix/store/k5ifa08z0qlkknnb8s1bdh2kdrx0qmd0-gnutar-1.34/bin:/nix/store/dcird3wn9xywy49w3qq1hpjwvjfn3lph-gzip-1.11/bin:/nix/store/s85iyc3p9nbinwvwx9rcqirf1m68zpmm-bzip2-1.0.6.0.2-bin/bin:/nix/store/msncxcf5lgy5by9cqjyxchxd26x47d64-gnumake-4.3/bin:/nix/store/bm7jr70d9ghn5cczb3q0w90apsm05p54-bash-5.1-p8/bin:/nix/store/gi3psbgxbf2fmvgi36pmw77nnh58vq3l-patch-2.7.6/bin:/nix/store/sqb20f4rk80lw21j4is85qwljlphmn3g-xz-5.2.5-bin/bin","LANG":"en_US.UTF-8","LD":"ld","LOCALE_ARCHIVE":"/usr/lib/locale/locale-archive","NIX_BINTOOLS":"/nix/store/spm7d6ncyx2k5w8yl6clzynv2s4wf1kp-binutils-wrapper-2.35.2","NIX_BINTOOLS_WRAPPER_TARGET_HOST_x86_64_unknown_linux_gnu":"1","NIX_BUILD_CORES":"8","NIX_BUILD_TOP":"/tmp","NIX_CC":"/nix/store/2qwnn6lizc9d119kp3zig3q19gbfm4n6-gcc-wrapper-10.3.0","NIX_CC_WRAPPER_TARGET_HOST_x86_64_unknown_linux_gnu":"1","NIX_CFLAGS_COMPILE":" -frandom-seed=wsknsy8fas -isystem /nix/store/cgxc3jz7idrb1wnb2lard9rvcx6aw2si-python3-3.9.6/include -isystem /nix/store/2vm88xw7513h9pyjyafw32cps51b0ia1-python3-3.8.12/include -isystem /nix/store/cgxc3jz7idrb1wnb2lard9rvcx6aw2si-python3-3.9.6/include -isystem /nix/store/2vm88xw7513h9pyjyafw32cps51b0ia1-python3-3.8.12/include","NIX_ENFORCE_NO_NATIVE":"1","NIX_HARDENING_ENABLE":"fortify stackprotector pic strictoverflow format relro bindnow","NIX_INDENT_MAKE":"1","NIX_LDFLAGS":"-rpath /nix/store/wsknsy8fas4qcv0yrn1znw3bqcrnv67k-nix-shell/lib64 -rpath /nix/store/wsknsy8fas4qcv0yrn1znw3bqcrnv67k-nix-shell/lib  -L/nix/store/cgxc3jz7idrb1wnb2lard9rvcx6aw2si-python3-3.9.6/lib -L/nix/store/2vm88xw7513h9pyjyafw32cps51b0ia1-python3-3.8.12/lib -L/nix/store/cgxc3jz7idrb1wnb2lard9rvcx6aw2si-python3-3.9.6/lib -L/nix/store/2vm88xw7513h9pyjyafw32cps51b0ia1-python3-3.8.12/lib","NIX_STORE":"/nix/store","NM":"nm","OBJCOPY":"objcopy","OBJDUMP":"objdump","PATH":"/nix/store/bccsypsvjskpzsgzww8bzjgqmck4bjbf-bash-interactive-5.1-p8/bin:/nix/store/cgxc3jz7idrb1wnb2lard9rvcx6aw2si-python3-3.9.6/bin:/nix/store/bqmg7l0jn6nhgjlfc981g1imzb6ny8xl-patchelf-0.13/bin:/nix/store/2qwnn6lizc9d119kp3zig3q19gbfm4n6-gcc-wrapper-10.3.0/bin:/nix/store/6r5h4h7nqx73m87j5b9sjwy2x9kyri0k-gcc-10.3.0/bin:/nix/store/csz8v8xi2f644j26n84i20dnqmq43sih-glibc-2.33-117-bin/bin:/nix/store/jd1y449cf66yx5d1hwyjvc4562b1p1am-coreutils-9.0/bin:/nix/store/spm7d6ncyx2k5w8yl6clzynv2s4wf1kp-binutils-wrapper-2.35.2/bin:/nix/store/h19zwlkrp6b0hp3ypbqdcggnyarn3af6-binutils-2.35.2/bin:/nix/store/63g9gyn4dzgrrxsmsx0dnzhkvr7974ap-wget-1.21.2/bin:/nix/store/cjyzb32iwgzcmsy3gkyqy3qqh1j3wxgc-python3.9-conda-4.3.16/bin:/nix/store/31viy1z3rdnn9d9lqqfmri5c05ic6v7d-python3.9-chardet-4.0.0/bin:/nix/store/sfgf0yf2r7d2sfmf2ckjlrirr0sqdr6f-python3.9-charset-normalizer-2.0.5/bin:/nix/store/2vm88xw7513h9pyjyafw32cps51b0ia1-python3-3.8.12/bin:/nix/store/jd1y449cf66yx5d1hwyjvc4562b1p1am-coreutils-9.0/bin:/nix/store/jjvw20r6pz3ff7pn91yhvfx8s7izsqan-findutils-4.8.0/bin:/nix/store/ndd6gh8zigjy0j68arj7nyrbcw4kcw01-diffutils-3.8/bin:/nix/store/bpg0ia8nkavzw7s66avi1f9nz72i1p3r-gnused-4.8/bin:/nix/store/df3ff57sbkgbdhc4ar19zs4y0hrhggii-gnugrep-3.7/bin:/nix/store/4fv981732jqzirah3h2y6ynmlsfbxb37-gawk-5.1.1/bin:/nix/store/k5ifa08z0qlkknnb8s1bdh2kdrx0qmd0-gnutar-1.34/bin:/nix/store/dcird3wn9xywy49w3qq1hpjwvjfn3lph-gzip-1.11/bin:/nix/store/s85iyc3p9nbinwvwx9rcqirf1m68zpmm-bzip2-1.0.6.0.2-bin/bin:/nix/store/msncxcf5lgy5by9cqjyxchxd26x47d64-gnumake-4.3/bin:/nix/store/bm7jr70d9ghn5cczb3q0w90apsm05p54-bash-5.1-p8/bin:/nix/store/gi3psbgxbf2fmvgi36pmw77nnh58vq3l-patch-2.7.6/bin:/nix/store/sqb20f4rk80lw21j4is85qwljlphmn3g-xz-5.2.5-bin/bin","PYTHONBIN":"/nix/store/2vm88xw7513h9pyjyafw32cps51b0ia1-python3-3.8.12/bin/python3.8","PYTHONHASHSEED":"0","PYTHONNOUSERSITE":"1","PYTHONPATH":"/nix/store/2vm88xw7513h9pyjyafw32cps51b0ia1-python3-3.8.12/lib/python3.8/site-packages","PYTHON_LD_LIBRARY_PATH":"/nix/store/dd8swlwhpdhn6bv219562vyxhi8278hs-gcc-10.3.0-lib/lib:/nix/store/p54p1kb7iinbg1135ibcfqbyh6j4x986-zlib-1.2.11/lib:/nix/store/f5jhxrj5cxq2mnahwj4nba3sw4g5956c-glib-2.70.1/lib:/nix/store/qs736x773s604xk79r450ksibix6ca9p-libX11-1.7.2/lib","RANLIB":"ranlib","READELF":"readelf","SIZE":"size","SOURCE_DATE_EPOCH":"315532800","STRINGS":"strings","STRIP":"strip","XDG_DATA_DIRS":"/nix/store/cgxc3jz7idrb1wnb2lard9rvcx6aw2si-python3-3.9.6/share:/nix/store/bqmg7l0jn6nhgjlfc981g1imzb6ny8xl-patchelf-0.13/share","_":"/nix/store/jd1y449cf66yx5d1hwyjvc4562b1p1am-coreutils-9.0/bin/env","_PYTHON_HOST_PLATFORM":"linux-x86_64","_PYTHON_SYSCONFIGDATA_NAME":"_sysconfigdata__linux_x86_64-linux-gnu","__ETC_PROFILE_SOURCED":"1","buildInputs":"/nix/store/63g9gyn4dzgrrxsmsx0dnzhkvr7974ap-wget-1.21.2 /nix/store/cjyzb32iwgzcmsy3gkyqy3qqh1j3wxgc-python3.9-conda-4.3.16 /nix/store/2vm88xw7513h9pyjyafw32cps51b0ia1-python3-3.8.12","builder":"/nix/store/bm7jr70d9ghn5cczb3q0w90apsm05p54-bash-5.1-p8/bin/bash","configureFlags":"","depsBuildBuild":"","depsBuildBuildPropagated":"","depsBuildTarget":"","depsBuildTargetPropagated":"","depsHostHost":"","depsHostHostPropagated":"","depsTargetTarget":"","depsTargetTargetPropagated":"","doCheck":"","doInstallCheck":"","name":"nix-shell","nativeBuildInputs":"","nobuildPhase":"echo\necho \"This derivation is not meant to be built, aborting\";\necho\nexit 1\n","out":"/nix/store/wsknsy8fas4qcv0yrn1znw3bqcrnv67k-nix-shell","outputs":"out","patches":"","phases":"nobuildPhase","propagatedBuildInputs":"","propagatedNativeBuildInputs":"","shell":"/nix/store/bm7jr70d9ghn5cczb3q0w90apsm05p54-bash-5.1-p8/bin/bash","shellHook":"","stdenv":"/nix/store/z7wz8q1i0j4jmfpn87wpakwma6q0k90n-stdenv-linux","strictDeps":"","system":"x86_64-linux"},"dependencies":[{"path":"replit.nix","mod_time":"2023-02-20T05:22:01.938126407Z"}],"channel":"stable-21_11","channel_nix_path":"/nix/store/2f87cy6g29s5h7z0sw2k8b2hbi3q93rv-nixpkgs-stable-21_11-21.11.tar.gz/nixpkgs-stable-21_11"}}}